TICKER,FUND NAME,STRATEGY,SPONSOR,MARKET CAP,DISTRIBUTION RATE,DISTRIBUTION FREQUENCY,DISCOUNT/PREMIUM,SINCE INCEPTION RTN ON NAV,SINCE INCEPTION RTN ON PRICE,EFFECTIVE DURATION,
NCV,AGIC Convertible & Income,Multi-Sector,Allianz Global Investors Fund Management LLC,$620 MM,11.11%,M,3.55%,7.82%,7.73%,2.63 yrs,
NCZ,AGIC Convertible & Income II,Multi-Sector,Allianz Global Investors Fund Management LLC,$462 MM,11.11%,M,2.31%,6.75%,6.52%,2.63 yrs,
NIE,AGIC Equity & Convertible Inc,US Hybrid (Growth & Income),Allianz Global Investors Fund Management LLC,$548 MM,7.66%,Q,-9.56%,6.52%,5.88%,--,
ASA,ASA Gold and Precious Metals,Energy/Resources,ASA Limited,$228 MM,0.34%,S,-12.94%,--,--,--,
FAX,Aberdeen Asia-Pacific Income,Global Income,Aberdeen Asset Management Asia Limited,"$1,279 MM",8.40%,M,-8.18%,7.29%,6.92%,--,
IAF,Aberdeen Australia Equity,Other Non-US Equity,Aberdeen Asset Management Asia Limited,$137 MM,10.58%,Q,-3.68%,7.01%,7.02%,--,
CH,Aberdeen Chile Fund,Latin American Equity,Aberdeen Asset Management,$67 MM,7.83%,Q,-12.25%,--,--,--,
ABE,Aberdeen Emg Mkt SMC Opps,Emerging Market Equity,Aberdeen Asset Management,$136 MM,0.71%,S,-8.88%,6.51%,7.21%,--,
FCO,Aberdeen Global Income,Global Income,N/A,$76 MM,9.66%,M,-5.88%,6.29%,6.49%,--,
GCH,Aberdeen Greater China Fund,Asia Equity,Aberdeen Asset Management Asia Limited,$101 MM,0.81%,A,-8.07%,7.36%,7.19%,--,
IF,Aberdeen Indonesia Fund Inc,Asia Equity,Aberdeen Asset Management Asia Limited,$71 MM,0.41%,S,-8.72%,1.20%,0.39%,--,
ISL,Aberdeen Israel,Other Non-US Equity,Aberdeen Asset Management,$78 MM,4.27%,S,-11.85%,6.95%,7.18%,--,
JEQ,Aberdeen Japan Equity Fund,Asia Equity,N/A,$114 MM,3.68%,A,-11.50%,2.06%,2.18%,--,
LAQ,Aberdeen Latin America Equity,Latin American Equity,Aberdeen Asset Management,$170 MM,1.31%,A,-12.26%,11.89%,10.88%,--,
SGF,Aberdeen Singapore Fund,Asia Equity,Aberdeen Asset Management Asia Limited,$81 MM,0.20%,Q,-12.37%,5.07%,4.63%,--,
ADX,Adams Diversified Equity,US General Equity,Adams Express Co.,"$1,427 MM",6.88%,Q,-15.56%,--,--,--,
PEO,Adams Natural Resources,Energy/Resources,Petroleum and Resources Corporation,$529 MM,6.15%,Q,-13.24%,--,--,--,
AGC,Advent Claymore Cnvt Secs&Inc,Convertibles,Advent Capital Management LLC,$201 MM,9.04%,M,-7.13%,-1.50%,-1.65%,--,
AVK,Advent Claymore Conv & Income,Convertibles,"Guggenheim Partners Asset Management,Inc.",$376 MM,8.36%,M,-8.12%,5.81%,5.59%,--,
LCM,Advent Claymore Enh Grth & Inc,Global Hybrid (Growth & Income),"Guggenheim Partners Asset Management,Inc.",$120 MM,9.56%,Q,-5.78%,2.85%,2.91%,--,
AKP,Alliance CA Municipal Income,State Municipal CA,Alliance Bernstein L.P.,$118 MM,4.10%,M,-10.14%,6.31%,--,8.56 yrs,
AWF,AllianceBernstein Glb High Inc,High Yield,Alliance Bernstein L.P.,"$1,105 MM",6.54%,M,-8.43%,11.23%,11.12%,5.32 yrs,
AFB,AllianceBernstein Nat Muni Inc,National Municipal,Alliance Bernstein L.P.,$395 MM,4.54%,M,-8.15%,6.49%,--,8.77 yrs,
ACV,AllianzGI Divers Inc & Convert,Multi-Sector,Allianz Global Investors Fund Management LLC,$219 MM,9.46%,M,-4.06%,--,--,--,
NFJ,AllianzGI NFJ Div Int & Prem,Covered Call,Allianz Global Investors Fund Management LLC,"$1,249 MM",9.10%,Q,-8.34%,4.53%,4.15%,2.63 yrs,
AGD,Alpine Global Dynamic Dividend,Global Equity Dividend,"Alpine Woods Capital Investors, LLC",$128 MM,7.65%,M,-8.44%,1.17%,-0.30%,--,
AWP,Alpine Global Premier Property,Real Estate (Global),N/A,$538 MM,9.42%,M,-11.89%,-0.48%,-0.77%,--,
AOD,Alpine Total Dynamic Dividend,Global Equity Dividend,"Alpine Woods Capital Investors, LLC",$933 MM,7.90%,M,-10.62%,-0.60%,-1.98%,--,
AFT,Apollo Senior Floating Rate,Senior Loan Funds,Apollo Credit Management,$261 MM,6.39%,M,-7.31%,5.87%,4.22%,--,
AIF,Apollo Tactical Income Fund In,High Yield,Apollo Credit Management,$232 MM,7.78%,M,-8.02%,5.98%,3.81%,--,
ARDC,Ares Dynamic Credit Allocation,Senior Loan Funds,Ares Capital Management II LLC,$369 MM,7.61%,M,-9.48%,5.93%,3.39%,2.24 yrs,
APB,Asia Pacific Fund,Asia Equity,Value Partners Limited,$134 MM,1.70%,A,-6.57%,7.85%,8.43%,--,
GRR,Asia Tigers Fund,Asia Equity,Aberdeen Asset Management Asia Limited,$43 MM,1.88%,A,-6.71%,3.66%,3.34%,--,
ACP,Avenue Income Credit Strategy,Senior Loan Funds,"Avenue Capital Management II, LP",$180 MM,10.46%,M,-8.53%,7.63%,5.64%,--,
BCV,Bancroft Fund,Convertibles,Davis-Dinsmore MGMT Co.,$114 MM,4.61%,Q,-8.72%,--,--,--,
MCI,Barings Corporate Investors,High Yield,Babson Capital Management LLC,$297 MM,7.97%,Q,1.63%,--,--,--,
BGH,Barings Global Short Dur High,High Yield,Babson Capital Management LLC,$394 MM,9.41%,M,-7.50%,7.44%,5.39%,--,
MPV,Barings Participation Invs,High Yield,Babson Capital Management LLC,$146 MM,7.63%,Q,3.47%,10.49%,--,--,
BGIO,BlackRock 2022 Global Income O,Emerging Market Income,Blackrock Advisors,$210 MM,6.01%,M,1.22%,1.74%,1.33%,--,
BJZ,BlackRock CA Muni 2018 Term,State Municipal CA,Blackrock Advisors,$97 MM,2.02%,M,0.53%,4.96%,4.66%,1.29 yrs,
BFZ,BlackRock CA Municipal Income,State Municipal CA,Blackrock Advisors,$463 MM,4.92%,M,-5.60%,6.67%,6.23%,10.38 yrs,
BHK,BlackRock Core Bond,Multi-Sector,Blackrock Advisors,$747 MM,5.62%,M,-7.17%,7.49%,7.15%,9.7 yrs,
HYT,BlackRock Corp High Yield,High Yield,Blackrock Advisors,"$1,381 MM",7.66%,M,-10.27%,8.71%,8.41%,4.82 yrs,
BTZ,BlackRock Credit Alloc Income,Investment Grade,Blackrock Advisors,"$1,451 MM",6.28%,M,-9.57%,3.28%,2.85%,5.62 yrs,
DSU,BlackRock Debt Strategies Fund,High Yield,Blackrock Advisors,$711 MM,7.07%,M,-8.54%,5.66%,5.74%,3.24 yrs,
BHL,BlackRock Defined Opps Credit,Senior Loan Funds,Blackrock Advisors,$124 MM,4.47%,M,-0.36%,5.99%,5.70%,--,
BGR,BlackRock Energy & Resources,Energy/Resources,Blackrock Advisors,$385 MM,7.25%,M,-7.46%,4.00%,3.73%,--,
CII,BlackRock Enhanced Cap & Inc,Covered Call,Blackrock Advisors,$660 MM,6.65%,M,-5.97%,8.16%,8.07%,--,
BDJ,BlackRock Enhanced Equity Div,Covered Call,Blackrock Advisors,"$1,659 MM",6.38%,M,-7.19%,5.33%,4.91%,--,
BOE,BlackRock Enhanced Global Div,Covered Call,Blackrock Advisors,$926 MM,6.99%,M,-8.64%,6.01%,5.41%,--,
EGF,BlackRock Enhanced Gov Fund,Mortgage Bond,BlackRock Advisors / Fund Asset Management,$87 MM,3.70%,M,-5.45%,3.24%,2.56%,2.39 yrs,
BGY,BlackRock Enhanced Intl Div,Covered Call,Blackrock Advisors,$698 MM,7.17%,M,-7.16%,0.63%,0.31%,--,
BFO,BlackRock FL Municipal 2020,State Municipal FL,Blackrock Advisors,$84 MM,2.46%,M,0.13%,4.89%,4.69%,2.82 yrs,
FRA,BlackRock Float Rate Strat,Senior Loan Funds,Blackrock Advisors,$519 MM,5.23%,M,-6.57%,5.08%,4.63%,0.47 yrs,
BGT,BlackRock Floating Rate Inc Tr,Senior Loan Funds,Blackrock Advisors,$328 MM,5.02%,M,-3.82%,5.34%,5.05%,0.49 yrs,
BME,BlackRock Health Sciences,Health/Biotech,Blackrock Advisors,$315 MM,6.60%,M,2.25%,12.79%,12.74%,--,
BKT,BlackRock Income Trust,Mortgage Bond,Blackrock Advisors,$402 MM,5.06%,M,-6.96%,6.76%,6.72%,5.57 yrs,
BKN,BlackRock Invst. Quality Muni,National Municipal,Blackrock Advisors,$259 MM,4.95%,M,-5.04%,6.99%,6.80%,14.12 yrs,
BLW,BlackRock Limited Duration Inc,Limited Duration,Blackrock Advisors,$577 MM,6.68%,M,-7.91%,7.66%,6.44%,3.3 yrs,
BTA,BlackRock Long-Term Muni Adv,National Municipal,Blackrock Advisors,$160 MM,5.49%,M,-4.79%,4.92%,4.39%,12.47 yrs,
BZM,BlackRock MD Muni Bond,State Municipal MD,Blackrock Advisors,$31 MM,3.87%,M,-3.92%,6.03%,5.38%,11.35 yrs,
BIT,BlackRock Multi-Sector Income,Multi-Sector,Blackrock Advisors,$691 MM,7.82%,M,-7.98%,9.05%,6.83%,5.03 yrs,
BPK,BlackRock Muni 2018 Term Trust,National Municipal,Blackrock Advisors,$239 MM,1.76%,M,-0.46%,5.69%,5.24%,1.51 yrs,
BAF,BlackRock Muni Inc Inv Qty Tr,National Municipal,Blackrock Advisors,$131 MM,5.47%,M,-3.84%,6.27%,6.04%,10.07 yrs,
BYM,BlackRock Muni Inc Qty Trust,National Municipal,Blackrock Advisors,$385 MM,5.44%,M,-4.21%,6.41%,6.07%,10.38 yrs,
MUI,BlackRock Muni Inter Duration,National Municipal,Blackrock Advisors,$542 MM,4.71%,M,-8.24%,6.47%,5.92%,9.07 yrs,
MNE,BlackRock Muni NY Intermed. Du,State Municipal NY,Blackrock Advisors,$59 MM,4.27%,M,-10.00%,5.37%,4.72%,9.3 yrs,
BTT,BlackRock Muni Target Term Tr,National Municipal,Blackrock Advisors,"$1,660 MM",4.07%,M,-1.67%,4.73%,3.64%,21.23 yrs,
MUA,BlackRock MuniAssets Fund,National Municipal,Blackrock Advisors,$537 MM,4.59%,M,5.27%,6.27%,6.58%,7.97 yrs,
MEN,BlackRock MuniEnhanced,National Municipal,Blackrock Advisors,$356 MM,5.62%,M,0.59%,6.99%,7.12%,9.89 yrs,
MUC,BlackRock MuniHoldings CA Qty,State Municipal CA,Blackrock Advisors,$597 MM,5.05%,M,-6.42%,5.98%,6.00%,9.91 yrs,
MHD,BlackRock MuniHoldings Fund,National Municipal,Blackrock Advisors,$245 MM,5.61%,M,1.41%,7.55%,7.88%,10.99 yrs,
MUH,BlackRock MuniHoldings Fund II,National Municipal,Blackrock Advisors,$180 MM,5.62%,M,1.34%,6.80%,7.19%,10.67 yrs,
MFL,BlackRock MuniHoldings Inv Qty,National Municipal,Blackrock Advisors,$561 MM,5.80%,M,-0.47%,6.08%,6.43%,10.77 yrs,
MUJ,BlackRock MuniHoldings NJ Qty,State Municipal NJ,Blackrock Advisors,$438 MM,5.53%,M,-6.62%,5.94%,5.94%,10.87 yrs,
MHN,BlackRock MuniHoldings NY Qty,State Municipal NY,Blackrock Advisors,$434 MM,4.97%,M,-6.12%,5.81%,5.90%,11.23 yrs,
MUE,BlackRock MuniHoldings Qty II,National Municipal,Blackrock Advisors,$310 MM,5.57%,M,-3.16%,5.60%,5.87%,8.91 yrs,
MUS,BlackRock MuniHoldings Quality,National Municipal,Blackrock Advisors,$179 MM,5.55%,M,-2.55%,5.72%,5.97%,9 yrs,
MVF,BlackRock MuniVest,National Municipal,Blackrock Advisors,$629 MM,5.65%,M,0.31%,--,--,9.26 yrs,
MVT,BlackRock MuniVest Fund II,National Municipal,Blackrock Advisors,$336 MM,5.48%,M,3.72%,7.05%,7.29%,9.77 yrs,
MYD,BlackRock MuniYield,National Municipal,Blackrock Advisors,$709 MM,5.66%,M,1.81%,7.46%,7.55%,10.98 yrs,
MZA,BlackRock MuniYield Arizona,State Municipal AZ,Blackrock Advisors,$70 MM,4.90%,M,4.12%,6.06%,6.21%,9.85 yrs,
MYC,BlackRock MuniYield CA,State Municipal CA,Blackrock Advisors,$328 MM,4.85%,M,-2.17%,6.80%,6.85%,8.93 yrs,
MCA,BlackRock MuniYield CA Quality,State Municipal CA,Blackrock Advisors,$520 MM,5.16%,M,-4.00%,6.37%,6.39%,9.97 yrs,
MYF,BlackRock MuniYield Inv Fund,National Municipal,Blackrock Advisors,$219 MM,5.81%,M,7.15%,6.60%,7.05%,--,
MIY,BlackRock MuniYield MI Quality,State Municipal MI,Blackrock Advisors,$418 MM,5.43%,M,-9.02%,6.41%,6.30%,10.88 yrs,
MYJ,BlackRock MuniYield NJ,State Municipal NJ,Blackrock Advisors,$231 MM,5.56%,M,1.26%,6.52%,6.66%,10.96 yrs,
MYN,BlackRock MuniYield NY Quality,State Municipal NY,Blackrock Advisors,$522 MM,4.91%,M,-7.57%,6.11%,5.97%,11.42 yrs,
MPA,BlackRock MuniYield PA Quality,State Municipal PA,Blackrock Advisors,$193 MM,5.17%,M,-8.44%,6.42%,6.25%,11.35 yrs,
MYI,BlackRock MuniYield Qty III,National Municipal,Blackrock Advisors,$981 MM,5.61%,M,-0.28%,6.62%,6.78%,10.01 yrs,
MQY,BlackRock MuniYield Quality,National Municipal,Blackrock Advisors,$476 MM,5.60%,M,-2.15%,6.66%,6.78%,9.94 yrs,
MQT,BlackRock MuniYield Quality II,National Municipal,Blackrock Advisors,$298 MM,5.62%,M,-4.89%,6.43%,6.49%,10.14 yrs,
BKK,BlackRock Municipal 2020,National Municipal,Blackrock Advisors,$318 MM,3.41%,M,0.64%,5.80%,5.49%,3.55 yrs,
BBK,BlackRock Municipal Bond,National Municipal,Blackrock Advisors,$165 MM,4.88%,M,-3.75%,7.97%,7.50%,14.39 yrs,
BFK,BlackRock Municipal Income,National Municipal,Blackrock Advisors,$639 MM,5.45%,M,-1.45%,6.98%,6.65%,11 yrs,
BLE,BlackRock Municipal Income II,National Municipal,Blackrock Advisors,$359 MM,5.73%,M,1.19%,7.20%,7.11%,10.61 yrs,
BBF,BlackRock Municipal Income Inv,National Municipal,Blackrock Advisors,$152 MM,5.83%,M,2.69%,6.32%,6.48%,8.89 yrs,
MFT,BlackRock Muniyield Inv Qty,National Municipal,Blackrock Advisors,$120 MM,5.66%,M,-2.67%,6.29%,6.32%,9.79 yrs,
BLJ,BlackRock NJ Municipal Bond,State Municipal NJ,Blackrock Advisors,$36 MM,4.82%,M,-2.11%,6.90%,6.55%,11.54 yrs,
BNJ,BlackRock NJ Municipal Income,State Municipal NJ,Blackrock Advisors,$119 MM,5.40%,M,0.58%,6.82%,6.71%,11.26 yrs,
BLH,BlackRock NY Muni 2018 Term,State Municipal NY,Blackrock Advisors,$54 MM,1.34%,M,-0.60%,4.86%,4.52%,1.85 yrs,
BSE,BlackRock NY Muni Inc Qty,State Municipal NY,Blackrock Advisors,$88 MM,4.61%,M,-9.94%,5.88%,5.12%,11.48 yrs,
BQH,BlackRock NY Municipal Bond,State Municipal NY,Blackrock Advisors,$41 MM,4.88%,M,-9.33%,6.88%,6.15%,12.38 yrs,
BFY,BlackRock NY Municipal Inc II,State Municipal NY,Blackrock Advisors,$75 MM,4.87%,M,-3.83%,6.60%,6.28%,12.13 yrs,
BNY,BlackRock NY Municipal Income,State Municipal NY,Blackrock Advisors,$194 MM,4.84%,M,-0.60%,6.62%,6.40%,11.46 yrs,
BCX,BlackRock Resources & Commdty,Energy/Resources,Blackrock Advisors,$779 MM,7.84%,M,-13.34%,-3.95%,-5.83%,--,
BST,BlackRock Science and Technolo,Global Equity,"BlackRock Advisors, LLC",$510 MM,5.25%,M,-7.85%,16.66%,11.89%,--,
BSD,BlackRock Strategic Muni,National Municipal,Blackrock Advisors,$102 MM,5.57%,M,-3.12%,6.56%,6.31%,11.28 yrs,
BBN,BlackRock Taxable Muni Bond,Taxable Municipal Leveraged Non-Insured,Blackrock Advisors,"$1,327 MM",6.81%,M,-1.27%,10.54%,9.98%,11.62 yrs,
BUI,BlackRock Util & Infra Trust,Utilities,Blackrock Advisors,$351 MM,6.98%,M,-1.24%,9.11%,8.54%,--,
BHV,BlackRock VA Municipal Bond,State Municipal VA,Blackrock Advisors,$29 MM,4.17%,M,15.19%,6.81%,6.98%,9.29 yrs,
BSL,Blackstone / GSO Sr Float Term,Senior Loan Funds,GSO / Blackstone Debt Funds Management LLC,$270 MM,6.61%,M,0.62%,5.66%,5.21%,--,
BGX,Blackstone/GSO LS Credit Inc.,Senior Loan Funds,GSO / Blackstone Debt Funds Management LLC,$202 MM,7.75%,M,-7.12%,5.55%,4.09%,--,
BGB,Blackstone/GSO Strategic Cred,Senior Loan Funds,GSO / Blackstone Debt Funds Management LLC,$699 MM,8.01%,M,-7.94%,4.99%,2.85%,--,
BIF,Boulder Growth & Income,US General Equity,"Rocky Mountain Advisers, LLC","$1,022 MM",4.25%,M,-16.98%,7.56%,--,--,
INF,Brookfield Glo List Infr Inc,Global Equity,Brookfield Investment Management,$186 MM,7.32%,M,-10.48%,1.32%,-0.60%,--,
RA,Brookfield Real Assets Income,Mortgage Bond,Brookfield Investment Management,$851 MM,10.14%,M,-8.37%,7.58%,11.00%,--,
IGR,CBRE Clarion Global Real Est I,Real Estate (Global),CBRE Clarion Securities,$901 MM,7.72%,M,-12.16%,4.99%,4.62%,--,
CHY,Calamos Convertible & High,Multi-Sector,Calamos Advisors LLC,$853 MM,10.13%,M,-0.68%,8.28%,7.84%,--,
CHI,Calamos Convertible Opps & Inc,Multi-Sector,Calamos Advisors LLC,$788 MM,10.06%,M,0.09%,9.66%,9.14%,--,
CCD,Calamos Dynamic Conv & Income,Multi-Sector,Calamos Advisors LLC,$488 MM,9.85%,M,-3.61%,3.03%,0.01%,--,
CHW,Calamos Global Dynamic Income,Global Hybrid (Growth & Income),Calamos Advisors LLC,$499 MM,9.88%,M,-4.73%,4.08%,4.36%,--,
CGO,Calamos Global Total Return,Global Hybrid (Growth & Income),Calamos Advisors LLC,$111 MM,9.08%,M,2.98%,7.67%,8.06%,--,
CSQ,Calamos Strategic Total Return,US Hybrid (Growth & Income),Calamos Advisors LLC,"$1,811 MM",8.42%,M,-4.95%,6.87%,7.04%,--,
CEN,Center Coast MLP & Infras,MLP,"Center Coast Capital Advisors, LP",$217 MM,12.09%,M,-0.67%,-6.80%,-7.66%,--,
CEE,Central Europe Russia & Turkey,Emerging Market Equity,Deutsche Investment Management Americas Inc.,$167 MM,2.25%,A,-11.49%,5.85%,5.29%,--,
CEF,Central Fund of Canada,Commodities,Central Group Alberta Ltd,"$3,106 MM",0.08%,A,-6.88%,--,--,--,
CET,Central Securities Corporation,US General Equity,Central Securities Corp,$627 MM,3.88%,S,-16.11%,--,--,--,
CHN,China Fund Inc,Asia Equity,RCM Asia Pacific Limited,$294 MM,2.50%,A,-9.54%,9.57%,--,--,
CBA,ClearBridge Amer Energy MLP,MLP,"Legg Mason Partners Fund Advisors, LLC",$512 MM,9.35%,Q,-6.63%,-9.51%,-11.59%,--,
CEM,ClearBridge Energy MLP,MLP,"Legg Mason Partners Fund Advisors, LLC","$1,036 MM",9.67%,Q,-4.52%,4.10%,2.58%,--,
EMO,ClearBridge Energy MLP Opps,MLP,"Legg Mason Partners Fund Advisors, LLC",$387 MM,10.36%,Q,-3.27%,0.68%,-0.31%,--,
CTR,ClearBridge Energy MLP TR Fund,MLP,"Legg Mason Partners Fund Advisors, LLC",$481 MM,9.37%,Q,-4.71%,-0.35%,-1.83%,--,
GLV,Clough Global Div and Inc Fund,Global Hybrid (Growth & Income),Clough Capital Partners L.P.,$139 MM,9.29%,M,-8.76%,6.45%,6.33%,--,
GLQ,Clough Global Equity,Global Equity,Clough Capital Partners L.P.,$224 MM,9.32%,M,-8.96%,5.74%,5.70%,--,
GLO,Clough Global Opportunities,Global Hybrid (Growth & Income),Clough Capital Partners L.P.,$546 MM,9.69%,M,-9.56%,3.77%,3.70%,--,
FOF,Cohen & Steers Closed-End Opp,US Equity Dividend,"Cohen & Steers Capital Management, Inc.",$350 MM,8.11%,M,-6.26%,5.07%,4.76%,--,
INB,Cohen & Steers Glb Inc Builder,Covered Call,"Cohen & Steers Capital Management, Inc.",$219 MM,8.74%,M,-8.60%,4.18%,3.76%,--,
UTF,Cohen & Steers Infrastructure,Utilities,"Cohen & Steers Capital Management, Inc.","$1,995 MM",6.88%,M,-7.33%,9.84%,9.90%,--,
LDP,Cohen & Steers Ltd Dur Prf&Inc,Preferreds,"Cohen & Steers Capital Management, Inc.",$758 MM,7.12%,M,-2.85%,10.58%,9.22%,--,
MIE,Cohen & Steers MLP Inc&Energy,MLP,"Cohen & Steers Capital Management, Inc.",$278 MM,8.91%,M,-6.82%,-4.96%,-6.84%,--,
RQI,Cohen & Steers Qty Inc Realty,Real Estate (US),"Cohen & Steers Capital Management, Inc.","$1,416 MM",7.40%,M,-6.62%,9.60%,9.83%,--,
RNP,Cohen & Steers REIT & Pref,Real Estate (US),"Cohen & Steers Capital Management, Inc.",$996 MM,7.09%,M,-9.12%,9.26%,9.39%,--,
PSF,Cohen & Steers Select Pref&Inc,Preferreds,"Cohen & Steers Capital Management, Inc.",$338 MM,7.32%,M,1.40%,11.57%,11.24%,--,
RFI,Cohen & Steers Tot Ret Realty,Real Estate (US),"Cohen & Steers Capital Management, Inc.",$335 MM,7.49%,M,-6.42%,10.35%,9.78%,--,
STK,Columbia Seligman Premium Tech,Covered Call,Columbia Management Investment Advisers LLC,$337 MM,8.49%,Q,5.34%,12.35%,12.55%,--,
CLM,Cornerstone Strategic Value,US General Equity,Cornerstone Advisors Inc,$434 MM,18.35%,M,14.35%,--,--,--,
CRF,Cornerstone Total Return,US General Equity,Cornerstone Advisors Inc,$197 MM,18.24%,M,17.37%,--,--,--,
CIK,Credit Suisse Asset Mgmt In,High Yield,Credit Suisse Asset Management,$175 MM,7.90%,M,-6.70%,6.63%,6.46%,--,
DHY,Credit Suisse High Yield Bond,High Yield,Credit Suisse Asset Management,$286 MM,9.20%,M,2.88%,5.82%,6.31%,--,
SRF,Cushing Energy Income Fund,MLP,"Cushing(R) MLP Asset Management, LP.",$20 MM,5.93%,M,-13.19%,-31.10%,-33.07%,--,
SRV,Cushing MLP Total Return Fund,MLP,"Cushing(R) MLP Asset Management, LP.",$80 MM,9.28%,M,-9.28%,-8.41%,-10.66%,--,
SZC,Cushing Renaissance Fund,Energy/Resources,"Cushing(R) MLP Asset Management, LP.",$103 MM,9.73%,M,-7.10%,1.44%,-0.21%,--,
DNP,DNP Select Income,US Hybrid (Growth & Income),Duff & Phelps,"$3,171 MM",7.00%,M,11.87%,7.05%,6.73%,5.73 yrs,
DTF,DTF Tax-Free Income,National Municipal,Duff & Phelps,$126 MM,4.05%,M,-6.33%,6.00%,5.84%,10.39 yrs,
DEX,Delaware Enhanced Gbl Div&Inc,Global Hybrid (Growth & Income),Macquarie Investment Management,$181 MM,5.47%,M,-9.96%,4.87%,4.35%,--,
DDF,Delaware Inv Div & Inc,US Hybrid (Growth & Income),Macquarie Investment Management,$86 MM,4.55%,M,-8.41%,9.09%,8.64%,--,
VCF,Delaware Invest CO Muni Income,Single State Municipal CO Leveraged Insured,Macquarie Investment Management,$73 MM,4.68%,M,-0.98%,5.77%,5.53%,--,
VFL,Delaware Invest National Muni,National Municipal,Macquarie Investment Management,$61 MM,4.46%,M,-8.38%,5.63%,5.29%,--,
VMM,Delaware MN Muni Income II,State Municipal MN,Macquarie Investment Management,$168 MM,3.86%,M,-1.02%,5.68%,5.51%,--,
LBF,Deutsche Global High Income,Emerging Market Income,Deutsche Investment Management Americas Inc.,$56 MM,5.02%,M,-1.47%,7.80%,8.09%,5.61 yrs,
DHG,Deutsche High Income Oppos,High Yield,Deutsche Investment Management Americas Inc.,$225 MM,5.32%,M,-3.39%,-0.74%,-0.52%,5.08 yrs,
KMM,Deutsche Multi-Market Income,Global Income,Deutsche Investment Management Americas Inc.,$198 MM,4.77%,M,-5.06%,9.04%,--,4.04 yrs,
KTF,Deutsche Municipal Income,National Municipal,Deutsche Investment Management Americas Inc.,$533 MM,6.20%,M,6.20%,7.40%,7.56%,--,
KST,Deutsche Strategic Income,Global Income,Deutsche Investment Management Americas Inc.,$54 MM,3.88%,M,-4.40%,9.69%,9.68%,4.05 yrs,
KSM,Deutsche Strategic Muni Inc,National Municipal,Deutsche Investment Management Americas Inc.,$140 MM,5.46%,M,-0.32%,7.59%,7.42%,--,
DRA,Diversified Real Asset Income,Real Estate (Global),Nuveen Fund Advisors,$311 MM,7.44%,M,-10.33%,6.96%,7.37%,3.76 yrs,
DNI,Dividend and Income Fund,US Hybrid (Growth & Income),Bexil Advisers LLC,$132 MM,4.85%,Q,-17.48%,4.66%,4.08%,--,
DSL,DoubleLine Income Solutions Fu,Multi-Sector,Doubleline Capital LP,"$2,109 MM",8.63%,M,-2.76%,6.14%,4.96%,--,
DBL,Doubleline Opportunistic Cred,Multi-Sector,Doubleline Capital LP,$378 MM,7.90%,M,13.72%,8.62%,9.60%,--,
DHF,Dreyfus High Yield Strategies,High Yield,Dreyfus,$254 MM,9.11%,M,-1.96%,4.18%,4.17%,3.22 yrs,
DMB,Dreyfus Muni Bond Infrastructu,National Municipal,Dreyfus,$246 MM,4.76%,M,-5.44%,5.14%,3.09%,8.66 yrs,
DMF,Dreyfus Municipal Income,National Municipal,Dreyfus,$188 MM,5.42%,M,-3.72%,6.72%,6.52%,6.19 yrs,
DSM,Dreyfus Strategic Muni Bond,National Municipal,Dreyfus,$419 MM,5.85%,M,0.59%,6.45%,6.43%,7.08 yrs,
LEO,Dreyfus Strategic Municipals,National Municipal,Dreyfus,$551 MM,5.79%,M,2.30%,--,--,7.34 yrs,
DPG,Duff & Phelps Global Utility,Utilities,Duff & Phelps,$624 MM,8.58%,Q,-9.42%,6.57%,4.72%,--,
DSE,Duff & Phelps Select Energy ML,MLP,"Virtus Alternative Investment Advisers, Inc.",$175 MM,13.41%,Q,5.00%,-21.73%,-21.44%,--,
DUC,Duff Phelps Utility&Corp Bond,Investment Grade,Duff & Phelps,$254 MM,6.50%,M,-6.38%,6.26%,5.92%,4.81 yrs,
EIA,EV CA Muni Bond II,State Municipal CA,Eaton Vance,$47 MM,4.46%,M,-7.99%,5.45%,4.71%,--,
EVM,EV CA Municipal Bond,State Municipal CA,Eaton Vance,$252 MM,4.97%,M,-6.06%,5.16%,4.65%,--,
CEV,EV CA Municipal Income,State Municipal CA,Eaton Vance,$92 MM,3.91%,M,-9.73%,5.52%,5.12%,--,
EOI,EV Enhanced Equity Income,Covered Call,Eaton Vance,$541 MM,7.51%,M,-3.56%,6.50%,6.46%,--,
EOS,EV Enhanced Equity Income II,Covered Call,Eaton Vance,$704 MM,7.09%,M,-2.18%,7.49%,7.48%,--,
EFT,EV Floating Rate Income,Senior Loan Funds,Eaton Vance,$593 MM,5.80%,M,-3.88%,5.35%,5.01%,--,
EFF,EV Floating-Rate Inc Plus Fund,Senior Loan Funds,Eaton Vance,$127 MM,5.91%,M,-6.00%,4.79%,2.50%,--,
EHT,EV High Inc 2021 Target Term,High Yield,Eaton Vance,$216 MM,5.95%,M,-2.71%,10.62%,5.71%,--,
EVV,EV Limited Duration Income,Limited Duration,Eaton Vance,"$1,617 MM",6.98%,M,-8.18%,6.73%,6.32%,--,
MAB,EV MA Municipal Bond,State Municipal MA,Eaton Vance,$25 MM,3.72%,M,-8.85%,6.16%,5.24%,--,
MMV,EV MA Municipal Income,State Municipal MA,Eaton Vance,$37 MM,3.84%,M,-9.88%,5.67%,5.23%,--,
MIW,EV MI Municipal Bond,State Municipal MI,Eaton Vance,$21 MM,4.11%,M,-10.17%,6.21%,5.37%,--,
EMI,EV MI Municipal Income,State Municipal MI,Eaton Vance,$27 MM,3.54%,M,-12.47%,5.63%,5.32%,--,
ETX,EV Muni Income 2028 Term Trust,National Municipal,Eaton Vance,$225 MM,4.08%,M,-0.81%,6.65%,5.71%,--,
EIM,EV Municipal Bond,National Municipal,Eaton Vance,$873 MM,4.88%,M,-7.44%,6.21%,5.60%,--,
EIV,EV Municipal Bond II,National Municipal,Eaton Vance,$127 MM,4.52%,M,-6.82%,6.30%,5.62%,--,
EVN,EV Municipal Income,National Municipal,Eaton Vance,$312 MM,4.97%,M,-2.53%,6.89%,6.77%,--,
EMJ,EV NJ Municipal Bond,State Municipal NJ,Eaton Vance,$34 MM,4.80%,M,-8.64%,6.23%,5.40%,--,
EVJ,EV NJ Municipal Income,State Municipal NJ,Eaton Vance,$57 MM,4.39%,M,-9.16%,5.42%,5.13%,--,
NYH,EV NY Muni Bond II,State Municipal NY,Eaton Vance,$31 MM,4.43%,M,-9.47%,5.56%,4.73%,--,
ENX,EV NY Municipal Bond,State Municipal NY,Eaton Vance,$197 MM,4.92%,M,-8.25%,5.33%,4.64%,--,
EVY,EV NY Municipal Income,State Municipal NY,Eaton Vance,$72 MM,4.55%,M,-9.23%,5.89%,5.54%,--,
EOT,EV National Muni Opps Trust,National Municipal,Eaton Vance,$339 MM,4.58%,M,1.55%,7.24%,7.12%,--,
EIO,EV OH Municipal Bond,State Municipal OH,Eaton Vance,$34 MM,4.24%,M,-6.08%,5.54%,4.88%,--,
EVO,EV OH Municipal Income,State Municipal OH,Eaton Vance,$40 MM,4.35%,M,-7.98%,5.80%,5.54%,--,
EIP,EV PA Municipal Bond,State Municipal PA,Eaton Vance,$39 MM,5.02%,M,-9.07%,6.30%,5.47%,--,
EVP,EV PA Municipal Income,State Municipal PA,Eaton Vance,$32 MM,4.15%,M,-12.58%,5.32%,4.92%,--,
ETJ,EV Risk-Mgd Divers Equity Inc,Covered Call,Eaton Vance,$598 MM,9.70%,M,-6.38%,3.33%,2.92%,--,
EFR,EV Senior Floating Rate,Senior Loan Funds,Eaton Vance,$538 MM,6.17%,M,-3.63%,5.49%,5.14%,--,
EVF,EV Senior Income Trust,Senior Loan Funds,Eaton Vance,$251 MM,5.60%,M,-7.00%,5.04%,5.02%,--,
EVG,EV Short Duration Diversified,Limited Duration,Eaton Vance,$250 MM,6.51%,M,-8.44%,5.12%,4.68%,--,
ETO,EV Tax Adv Global Div Opps,Equity Tax-Advantaged,Eaton Vance,$354 MM,8.85%,M,1.46%,10.00%,10.49%,--,
ETG,EV Tax Adv Global Dividend Inc,Equity Tax-Advantaged,Eaton Vance,"$1,296 MM",7.24%,M,-4.45%,7.25%,7.32%,--,
EVT,EV Tax Advantaged Dividend Inc,Equity Tax-Advantaged,Eaton Vance,"$1,593 MM",7.93%,M,-2.15%,8.51%,8.80%,--,
EXD,EV Tax-Advantaged Bond&Option,Government,Eaton Vance,$111 MM,10.15%,Q,-8.95%,3.19%,1.87%,--,
ETB,EV Tax-Managed Buy-Write Inc,Covered Call,Eaton Vance,$403 MM,7.94%,M,1.87%,8.20%,8.34%,--,
ETV,EV Tax-Managed Buy-Write Opps,Covered Call,Eaton Vance,$979 MM,8.69%,M,5.95%,8.24%,8.88%,--,
ETY,EV Tax-Managed Div Equity Inc,Covered Call,Eaton Vance,"$1,714 MM",8.80%,M,-3.04%,5.94%,6.03%,--,
ETW,EV Tax-Managed Glb B-W Opps,Covered Call,Eaton Vance,"$1,218 MM",9.51%,M,0.97%,5.95%,6.48%,--,
EXG,EV Tax-Managed Global Fund,Covered Call,Eaton Vance,"$2,761 MM",9.95%,M,-2.35%,4.34%,4.63%,--,
GRF,Eagle Capital Growth,US General Equity,Sims Capital Management,$29 MM,6.27%,A,-9.37%,8.33%,8.01%,--,
EGIF,Eagle Growth & Income Opportun,Global Hybrid (Growth & Income),Four Wood Capital Advisors LLC,$124 MM,5.79%,M,-13.08%,7.90%,-1.14%,--,
ECC,Eagle Point Credit Company LLC,Senior Loan Funds,Eagle Point Credit Management,$378 MM,11.51%,M,17.65%,10.23%,18.63%,--,
ECF,Ellsworth Growth and Income,Convertibles,Davis-Dinsmore MGMT Co.,$117 MM,4.81%,Q,-10.70%,6.02%,6.18%,--,
EEA,European Equity Fund,Other Non-US Equity,Deutsche Investment Management Americas Inc.,$76 MM,1.13%,S,-9.49%,5.47%,5.56%,--,
FIV,FIRST TRUST SENIOR FLOATING RA,Senior Loan Funds,First Trust Advisors,$324 MM,5.01%,M,1.53%,1.50%,1.29%,--,
FPT,Federated Premier Inter Muni,National Municipal,Federated Advisers,$96 MM,3.94%,M,-4.33%,5.35%,5.06%,8.86 yrs,
FMN,Federated Premier Muni Income,National Municipal,Federated Advisers,$91 MM,5.00%,M,-2.98%,6.99%,6.53%,10.55 yrs,
FMO,Fid/Claymore MLP Opportunity,MLP,"Guggenheim Partners Asset Management,Inc.",$461 MM,13.09%,Q,1.14%,4.96%,4.57%,--,
FDEU,First Trust Dynamic Europe Equ,Other Non-US Equity,First Trust Advisors,$333 MM,7.52%,M,-2.42%,9.67%,6.18%,--,
FEN,First Trust Energy Inc&Growth,MLP,First Trust Advisors LP,$479 MM,9.40%,Q,1.52%,9.26%,9.08%,--,
FIF,First Trust Energy Infra. Fund,Energy/Resources,First Trust Advisors LP,$322 MM,7.22%,M,-4.63%,9.91%,8.91%,--,
FFA,First Trust Enhanced Equity In,Covered Call,First Trust Advisors LP,$294 MM,7.70%,Q,-8.28%,6.31%,6.11%,--,
FSD,First Trust High Inc Long/Shrt,High Yield,First Trust Portfolios LP,$607 MM,8.74%,M,-5.07%,6.68%,5.81%,5.96 yrs,
FPF,First Trust Inter Dur Pref & I,Preferreds,First Trust Advisors LP,"$1,491 MM",7.48%,M,-1.29%,9.62%,8.62%,5.69 yrs,
FEI,First Trust MLP and Energy Inc,MLP,First Trust Advisors LP,$687 MM,9.46%,M,1.48%,1.82%,1.42%,--,
FMY,First Trust Mortgage Income,Mortgage Bond,First Trust Advisors LP,$60 MM,5.52%,M,-8.88%,5.38%,4.62%,1.67 yrs,
FPL,First Trust New Opps MLP & En,MLP,First Trust Advisors,$304 MM,9.87%,M,2.33%,-4.98%,-5.39%,--,
FCT,First Trust Senior FR Inc II,Senior Loan Funds,First Trust Advisors LP / First Trust Portfolios LP,$353 MM,5.97%,M,-6.77%,3.90%,3.41%,--,
FGB,First Trust Specialty Finance,Finance,First Trust Advisors LP,$105 MM,9.62%,Q,1.81%,0.44%,0.59%,--,
FHY,First Trust Strategic HighInc2,High Yield,First Trust Advisors LP,$112 MM,7.96%,M,-7.16%,-1.40%,-1.62%,4.88 yrs,
FEO,First Trust/Aberdeen Emerging,Global Hybrid (Growth & Income),First Trust Advisors LP,$84 MM,8.66%,Q,-8.44%,7.01%,6.75%,--,
FAM,First Trust/Aberdeen Global,Global Income,First Trust Advisors LP,$204 MM,7.60%,M,-8.02%,5.86%,5.58%,--,
DFP,Flah & Crum Dynamic Pref & Inc,Preferreds,Flaherty & Crumrine Incorporated,$497 MM,7.37%,M,-2.04%,10.90%,9.57%,--,
PFO,Flah&Crum Pref Income Opps,Preferreds,Flaherty & Crumrine Incorporated,$157 MM,6.99%,M,4.91%,9.36%,--,--,
FFC,Flah&Crum Pref Secs,Preferreds,Flaherty & Crumrine Incorporated,$964 MM,7.04%,M,6.95%,8.60%,9.11%,--,
PFD,Flah&Crum Preferred Income,Preferreds,Flaherty & Crumrine Incorporated,$175 MM,6.67%,M,9.08%,10.31%,10.50%,--,
FLC,Flah&Crum Tot Return,Preferreds,Flaherty & Crumrine Incorporated,$222 MM,7.15%,M,2.34%,8.29%,8.62%,--,
FXBY,Foxby Corp,US General Equity,Midas Management Corporation,$5 MM,0.51%,A,-30.36%,-5.85%,-7.93%,--,
FTF,Franklin Limited Duration Inco,Limited Duration,"Franklin Advisers, Inc",$271 MM,10.78%,M,-6.69%,6.59%,6.29%,--,
FT,Franklin Universal Trust,Multi-Sector,"Franklin Advisers, Inc",$182 MM,5.31%,M,-11.14%,6.40%,6.20%,--,
GGN,GAMCO Glb Gold Natural Res&Inc,Energy/Resources,Gabelli Funds Inc,$748 MM,10.85%,M,0.91%,0.52%,0.23%,--,
GNT,GAMCO Nat Res Gold & Income,Covered Call,Gabelli Funds Inc,$143 MM,8.76%,M,-3.24%,-4.72%,-5.48%,--,
GDL,GDL Fund,Global Equity,Gabelli Funds Inc,$187 MM,6.23%,Q,-13.12%,3.07%,2.37%,--,
GCV,Gabelli Convertible & Income,US Hybrid (Growth & Income),Gabelli Funds Inc,$73 MM,9.27%,Q,-6.51%,6.25%,6.17%,--,
GDV,Gabelli Dividend & Income,Equity Tax-Advantaged,Gabelli Funds Inc,"$1,794 MM",6.06%,M,-6.65%,8.10%,8.07%,--,
GAB,Gabelli Equity Trust,US General Equity,Gabelli Funds Inc,"$1,351 MM",9.72%,Q,-0.65%,9.67%,--,--,
GGZ,Gabelli Global Small & Mid Cap,Global Equity,Gabelli Funds Inc,$96 MM,0.97%,Q,-13.54%,6.21%,1.54%,--,
GLU,Gabelli Global Utility & Inc,Utilities,Gabelli Funds Inc,$83 MM,5.95%,M,-7.22%,7.18%,6.78%,--,
GGO,Gabelli Go Anywhere Trust,US Hybrid (Growth & Income),Gabelli Funds LLC,$27 MM,--,Q,-11.57%,3.41%,-14.53%,--,
GRX,Gabelli Health & Wellness,Health/Biotech,Gabelli Funds Inc,$215 MM,4.80%,Q,-10.80%,9.95%,8.41%,--,
GGT,Gabelli Multimedia,Global Equity,Gabelli Funds Inc,$218 MM,9.89%,Q,-2.82%,8.25%,8.64%,--,
GUT,Gabelli Utility Trust,Utilities,Gabelli Funds Inc,$301 MM,8.65%,M,24.86%,9.52%,10.56%,--,
GAM,General American Investors,US General Equity,General American Investors Company,$929 MM,1.43%,A,-15.54%,--,--,--,
GMZ,Goldman Sachs MLP Income Opps,MLP,Goldman Sachs Asset Management,$411 MM,9.18%,Q,-2.73%,-10.66%,-12.36%,--,
GER,Goldman Sachs MLP and Energy R,MLP,Goldman Sachs Asset Management,$549 MM,9.34%,Q,0.00%,-23.35%,-24.61%,--,
GGM,Guggenheim Credit Alloc Fund,Investment Grade,Guggenheim Funds Investment Advisors LLC,$163 MM,9.54%,M,3.12%,7.88%,7.66%,--,
GPM,Guggenheim Enhanced Equity Inc,Covered Call,"Guggenheim Partners Asset Management,Inc.",$394 MM,11.68%,Q,-4.87%,3.79%,3.88%,--,
GOF,Guggenheim Strategic Opp Fund,US Hybrid (Growth & Income),"Guggenheim Partners Asset Management,Inc.",$441 MM,10.38%,M,6.00%,12.04%,12.50%,--,
GBAB,Guggenheim Taxable Muni Mng Du,Taxable Municipal Leveraged Non-Insured,"Guggenheim Partners Asset Management,Inc.",$399 MM,6.59%,M,-2.14%,10.38%,9.66%,--,
CUBA,Herzfeld Caribbean Basin,Latin American Equity,Herzfeld Cuba,$44 MM,1.89%,A,-13.33%,6.04%,5.27%,--,
IFN,India Fund Inc,Asia Equity,Aberdeen Asset Management Asia Limited,$776 MM,6.28%,S,-9.90%,9.25%,9.68%,--,
INSI,Insight Select Income Fund,Investment Grade,Cutwater Asset Management,$213 MM,4.04%,Q,-6.17%,--,--,--,
VKI,Invesco Adv Muni Inc II,National Municipal,Invesco Advisers,$518 MM,5.62%,M,-4.73%,5.46%,5.73%,13.7 yrs,
VBF,Invesco Bond Fund,Investment Grade,Invesco Advisers,$224 MM,4.21%,M,-3.67%,5.73%,--,7.21 yrs,
VCV,Invesco CA Value Muni,State Municipal CA,Invesco Advisers,$607 MM,5.04%,M,-6.62%,5.86%,5.93%,13.62 yrs,
IHIT,Invesco High Income 2023 Targe,Mortgage Bond,"Invesco Advisers, Inc",$240 MM,5.99%,M,-0.79%,6.09%,3.35%,4.3 yrs,
VLT,Invesco High Income II,High Yield,Invesco Advisers,$121 MM,6.75%,M,-8.33%,6.88%,5.83%,5.92 yrs,
OIA,Invesco Muni Income Opps Trust,National Municipal,Invesco Advisers,$373 MM,5.21%,M,3.29%,5.05%,5.01%,11.1 yrs,
VGM,Invesco Muni Invst. Grade T,National Municipal,Invesco Advisers,$726 MM,5.65%,M,-5.17%,6.51%,6.75%,13.52 yrs,
VMO,Invesco Muni Opps. Trust,National Municipal,Invesco Advisers,$893 MM,5.78%,M,-2.86%,6.32%,6.64%,13.14 yrs,
VKQ,Invesco Municipal Trust,National Municipal,Invesco Advisers,$711 MM,5.70%,M,-5.65%,6.15%,6.30%,13.15 yrs,
VPV,Invesco PA Value Muni,State Municipal PA,Invesco Advisers,$297 MM,4.99%,M,-11.88%,5.64%,5.51%,13.11 yrs,
IQI,Invesco Quality Muni Income,National Municipal,Invesco Advisers,$678 MM,5.12%,M,-6.63%,6.46%,6.39%,13.74 yrs,
VVR,Invesco Senior Income,Senior Loan Funds,Invesco Advisers,$812 MM,5.43%,M,-7.20%,3.35%,3.49%,--,
VTN,Invesco Trust NY Inv Gra Mn,State Municipal NY,Invesco Advisers,$268 MM,4.97%,M,-6.71%,6.48%,6.50%,15.61 yrs,
VTA,Invesco VK Dynamic Cred Opps,Senior Loan Funds,Invesco Advisers,$879 MM,7.16%,M,-8.91%,4.26%,3.64%,--,
IIM,Invesco Value Muni Income,National Municipal,Invesco Advisers,$721 MM,4.86%,M,-6.47%,6.45%,6.34%,14.71 yrs,
IVH,Ivy High Income Opportunities,High Yield,Ivy Investment Management Co,$253 MM,9.40%,M,-6.67%,6.01%,4.23%,--,
BTO,JH Financial Opportunities,Finance,John Hancock Advisers LLC,$653 MM,4.20%,Q,4.10%,11.74%,12.60%,--,
HEQ,JH Hedged Equity & Income Fund,Global Equity Dividend,John Hancock Advisers LLC,$210 MM,8.77%,Q,-1.49%,6.62%,6.38%,--,
JHS,JH Income Securities,Investment Grade,John Hancock Advisers LLC,$171 MM,5.44%,Q,-5.29%,7.27%,--,--,
JHI,JH Investors Trust,Investment Grade,John Hancock Advisers LLC,$152 MM,7.39%,Q,-5.94%,6.76%,--,--,
HPI,JH Preferred Income,Preferreds,John Hancock Advisers LLC,$570 MM,7.68%,M,0.00%,8.37%,8.31%,--,
HPF,JH Preferred Income II,Preferreds,John Hancock Advisers LLC,$469 MM,7.65%,M,1.75%,8.28%,8.40%,--,
HPS,JH Preferred Income III,Preferreds,John Hancock Advisers LLC,$605 MM,7.67%,M,-0.88%,7.12%,7.03%,--,
PDT,JH Premium Dividend Fund,Preferreds,John Hancock Advisers LLC,$803 MM,7.06%,M,2.46%,8.09%,8.44%,--,
HTY,JH Tax Advantaged Global,Equity Tax-Advantaged,John Hancock Advisers LLC,$105 MM,9.11%,Q,7.40%,3.89%,4.22%,--,
HTD,JH Tax-Advantaged Dividend Inc,Equity Tax-Advantaged,John Hancock Advisers LLC,$908 MM,6.48%,M,-3.60%,10.22%,10.47%,--,
JFC,JPMorgan China Region Fund,Asia Equity,"JF International Management, Inc.",$129 MM,1.72%,A,-0.74%,5.30%,5.51%,--,
JOF,Japan Smaller Capitalization,Asia Equity,Nomura Asset Management (USA),$328 MM,8.07%,A,-11.40%,3.36%,2.48%,--,
KIO,KKR Income Opportunities Fund,High Yield,KKR Asset Management LLC,$269 MM,8.51%,M,-5.41%,8.37%,6.51%,--,
KED,Kayne Anderson Energy Dev Co,MLP,"KA Fund Advisors, LLc",$186 MM,10.72%,Q,-2.20%,4.78%,4.47%,--,
KYE,Kayne Anderson Energy TR,MLP,Kayne Anderson Capital Advisors LP,$386 MM,9.60%,Q,-6.30%,1.66%,1.17%,--,
KYN,Kayne Anderson MLP,MLP,Kayne Anderson Capital Advisors LP,"$2,070 MM",11.60%,Q,3.16%,5.97%,5.86%,--,
KMF,Kayne Anderson MidstreamEnergy,MLP,"KA Fund Advisors, LLc",$331 MM,9.49%,Q,-1.06%,0.32%,-0.03%,--,
KEF,Korea Equity Fund,Asia Equity,Nomura Asset Management (USA),$93 MM,28.85%,A,-0.21%,2.72%,2.10%,--,
KF,Korea Fund,Asia Equity,Allianz Global Investors Capital,$237 MM,--,A,-9.74%,--,--,--,
SCD,LMP Capital & Income,Global Hybrid (Growth & Income),"Legg Mason Partners Fund Advisors, LLC",$255 MM,8.67%,Q,-9.81%,6.01%,5.94%,--,
LDF,Latin American Discovery Fund,Latin American Equity,Morgan Stanley Investment Management Inc,$71 MM,0.88%,S,-12.41%,10.36%,9.79%,--,
LGI,Lazard Glb Total Return & Inc,Global Hybrid (Growth & Income),Lazard Asset Management,$158 MM,5.97%,M,-8.99%,6.52%,6.37%,--,
LOR,Lazard World Dividend & Income,Global Hybrid (Growth & Income),Lazard Asset Management,$76 MM,6.54%,M,-8.48%,5.25%,5.00%,--,
BWG,LeggMason BW Global Inc Opps,Global Income,"Brandywine Global Investment Mgmt / Legg Mason Partners Fund Advisors, LLC",$285 MM,7.97%,M,-10.89%,4.28%,2.28%,18.08 yrs,
USA,Liberty All-Star Equity,US General Equity,"TCW Investment Management Company / Sustainable Growth Advisers, LP / Pzena Investment Management LLC / Cornerstone Capital Management / Aristotle Capital Management,LLC","$1,068 MM",9.19%,Q,-13.76%,7.96%,8.53%,--,
ASG,Liberty All-Star Growth,US General Equity,"Congress Asset Management Co / Mazama Capital Management / ALPS Advisors, Inc. / M.A. Weatherbie & Co., Inc",$131 MM,8.08%,Q,-8.30%,6.23%,6.36%,--,
CCA,MFS California Municipal Fund,State Municipal CA,Massachusetts Financial Services,$33 MM,4.71%,M,-7.37%,5.20%,4.73%,--,
MCR,MFS Charter Income,Global Income,Massachusetts Financial Services,$446 MM,8.68%,M,-7.87%,7.33%,7.45%,--,
MGF,MFS Government Markets Income,Multi-Sector,Massachusetts Financial Services,$163 MM,7.66%,M,-4.95%,6.23%,5.37%,--,
CXE,MFS High Income Municipal,Municipal High Yield,Massachusetts Financial Services,$165 MM,5.73%,M,-2.78%,5.21%,5.09%,--,
CMU,MFS High Yield Municipal Trust,Municipal High Yield,MFS Investment Management,$134 MM,5.71%,M,-2.88%,--,--,--,
CIF,MFS Intermediate High Income,High Yield,MFS Investment Management,$58 MM,9.53%,M,-0.35%,--,--,--,
MIN,MFS Intermediate Income,Global Income,Massachusetts Financial Services,$509 MM,9.02%,M,-5.68%,5.39%,5.49%,--,
CXH,MFS Investment Grade Muni,National Municipal,Massachusetts Financial Services,$118 MM,4.83%,M,-4.59%,--,--,--,
MMT,MFS Multi-Market Income,Global Income,Massachusetts Financial Services,$461 MM,8.71%,M,-8.33%,7.08%,6.97%,--,
MFM,MFS Municipal Income,Municipal High Yield,Massachusetts Financial Services,$295 MM,5.49%,M,-3.11%,6.08%,5.85%,--,
MFV,MFS Special Value Trust,US Hybrid (Growth & Income),Massachusetts Financial Services,$45 MM,9.38%,M,4.98%,6.65%,6.08%,--,
APF,MS Asia Pacific,Asia Equity,Morgan Stanley Investment Management Inc,$229 MM,0.87%,S,-12.46%,4.09%,3.50%,--,
CAF,MS China A Share,Asia Equity,Morgan Stanley Investment Management Inc,$489 MM,3.71%,A,-12.46%,14.96%,--,--,
MSF,MS Emerging Markets,Emerging Market Equity,Morgan Stanley Investment Management Inc,$237 MM,0.56%,A,-10.12%,9.77%,9.78%,--,
MSD,MS Emerging Markets Debt,Emerging Market Income,Morgan Stanley Investment Management Inc,$213 MM,5.92%,Q,-8.81%,9.84%,9.89%,--,
EDD,MS Emerging Markets Domestic,Emerging Market Income,Morgan Stanley Investment Management Inc,$550 MM,7.76%,Q,-9.00%,0.96%,0.81%,--,
ICB,MS Income Securities,Investment Grade,Morgan Stanley Investment Advisors Inc,$164 MM,3.28%,M,-6.24%,--,--,--,
IIF,MS India Investment,Asia Equity,Morgan Stanley Investment Management Inc,$487 MM,4.22%,S,-9.17%,10.39%,10.27%,--,
MFD,Mac/First Glb Infrastructure,Utilities,First Trust Advisors LP,$111 MM,9.31%,Q,-5.47%,7.22%,7.20%,--,
MGU,Macquarie Glb Infrast TR Fund,Utilities,Macquarie Capital Investment Management LLC,$309 MM,5.98%,Q,-9.97%,8.03%,7.58%,--,
MCN,Madison Covered Call & Eq Strt,Covered Call,"Madison Asset Management, LLC",$150 MM,9.22%,Q,-5.56%,4.16%,4.12%,--,
MSP,Madison Strategic Sector Prem,Covered Call,"Madison Asset Management, LLC",$69 MM,8.78%,Q,-3.90%,4.72%,4.98%,--,
MMD,Mainstay DefTerm Muni Opps,National Municipal,New York Life Investment Management LLC,$548 MM,5.40%,M,-1.29%,7.77%,6.76%,--,
MZF,Managed Duration InvGrade Muni,National Municipal,"Guggenheim Partners Asset Management,Inc.",$95 MM,3.88%,M,-6.00%,5.91%,5.52%,--,
MHE,Massachusetts Tax-Exempt Trust,State Municipal MA,Blackrock Advisors,$33 MM,4.59%,M,-0.72%,5.85%,5.67%,10.57 yrs,
MXE,Mexico Equity & Income,Latin American Equity,Pichardo Asset Management,$84 MM,1.74%,A,-12.86%,12.37%,12.70%,--,
MXF,Mexico Fund,Latin American Equity,Impulsora del Fondo Mexico,$258 MM,3.01%,Q,-10.56%,9.08%,10.31%,--,
HIE,Miller/Howard High Income Equi,US Equity Dividend,Miller/Howard Investments,$182 MM,10.33%,M,4.54%,-5.04%,-4.61%,--,
NBW,Neuberger Berman CA Inter Muni,State Municipal CA,Neuberger Berman Management Inc,$80 MM,4.28%,M,-6.25%,5.65%,5.13%,--,
NHS,Neuberger Berman High Yield St,High Yield,Neuberger Berman Management Inc,$229 MM,7.43%,M,-11.81%,9.42%,8.71%,--,
NBH,Neuberger Berman Inter Muni,National Municipal,Neuberger Berman Management Inc,$291 MM,5.21%,M,-0.83%,6.03%,5.91%,--,
NML,Neuberger Berman MLP Income Fu,MLP,Neuberger Berman Management Inc,$512 MM,7.34%,M,-9.52%,-7.26%,-10.25%,--,
NBO,Neuberger Berman NY Inter Muni,State Municipal NY,Neuberger Berman Management Inc,$65 MM,4.07%,M,-10.63%,5.13%,4.28%,--,
NRO,Neuberger Berman Real Est Sec,Real Estate (US),Neuberger Berman Management Inc,$261 MM,9.78%,M,-8.93%,3.66%,3.83%,--,
HYB,New America High Income Fund,High Yield,"T. Rowe Price Associates, Inc.",$226 MM,7.51%,M,-5.57%,10.06%,10.24%,--,
GF,New Germany Fund,Other Non-US Equity,Deutsche Investment Management Americas Inc.,$264 MM,7.46%,S,-10.67%,7.17%,6.20%,--,
IRL,New Ireland Fund,Other Non-US Equity,Kleinwort Benson Investors Intl Ltd,$51 MM,9.08%,Q,-10.51%,7.36%,7.47%,--,
NHF,NexPoint Credit Strategies Fun,US Hybrid (Growth & Income),"NexPoint Advisors, L.P.",$347 MM,11.11%,M,-11.27%,3.42%,3.09%,--,
NVG,Nuveen AMT-Free Muni Credit In,National Municipal,Nuveen Fund Advisors,"$3,085 MM",5.71%,M,-6.10%,6.67%,6.38%,13.99 yrs,
NUW,Nuveen AMT-Free Muni Value,National Municipal,Nuveen Fund Advisors,$253 MM,4.16%,M,1.70%,7.36%,7.00%,7.1 yrs,
NEA,Nuveen AMT-Free Qlty Muni Inc,National Municipal,Nuveen Fund Advisors,"$3,621 MM",5.40%,M,-8.50%,5.94%,5.30%,12.86 yrs,
NAZ,Nuveen AZ Quality Muni Income,State Municipal AZ,Nuveen Fund Advisors,$169 MM,4.44%,M,-0.68%,5.77%,5.53%,12.15 yrs,
JMLP,Nuveen All Cap Energy MLP Opps,MLP,Nuveen Fund Advisors,$114 MM,11.04%,Q,2.51%,-12.59%,-12.06%,--,
NBB,Nuveen Build America Bond,Taxable Municipal Leveraged Non-Insured,Nuveen Fund Advisors,$561 MM,5.82%,M,-4.38%,8.74%,7.78%,10.18 yrs,
NBD,Nuveen Build America Bond Opp,Taxable Municipal Leveraged Non-Insured,Nuveen Fund Advisors,$158 MM,5.22%,M,-4.36%,9.08%,8.07%,9.5 yrs,
NKX,Nuveen CA AMTFree Qlty Muni In,State Municipal CA,Nuveen Fund Advisors,$747 MM,5.01%,M,-1.45%,6.50%,6.39%,13.81 yrs,
NCA,Nuveen CA Muni Value,State Municipal CA,Nuveen Fund Advisors,$289 MM,3.93%,M,-0.86%,6.11%,5.99%,8.42 yrs,
NCB,Nuveen CA Municipal Value 2,State Municipal CA,Nuveen Fund Advisors,$59 MM,4.22%,M,7.95%,7.35%,7.98%,8.33 yrs,
NAC,Nuveen CA Quality Muni Inc,State Municipal CA,Nuveen Fund Advisors,"$2,201 MM",5.18%,M,-3.62%,6.89%,6.74%,12.61 yrs,
NXC,Nuveen CA Select Tax-Free,State Municipal CA,Nuveen Fund Advisors,$98 MM,3.77%,M,1.89%,5.58%,5.60%,8.14 yrs,
NTC,Nuveen CT Quality Muni Income,State Municipal CT,Nuveen Fund Advisors,$182 MM,4.65%,M,-11.39%,5.48%,4.79%,12.68 yrs,
JCE,Nuveen Core Equity Alpha,US General Equity,Nuveen Fund Advisors,$236 MM,7.56%,Q,-4.85%,8.03%,--,--,
JCO,Nuveen Credit Opp 2022 Target,High Yield,Nuveen Fund Advisors,$256 MM,5.61%,M,1.72%,1.26%,1.36%,--,
JQC,Nuveen Credit Strat. Income,Senior Loan Funds,Nuveen Fund Advisors,"$1,151 MM",7.43%,M,-8.23%,4.76%,4.79%,1.57 yrs,
JDD,Nuveen Diversified Div & Inc,Global Hybrid (Growth & Income),Nuveen Fund Advisors,$246 MM,8.63%,Q,-2.81%,7.97%,8.39%,--,
DIAX,Nuveen Dow 30 Dynamic Overwrit,Covered Call,Nuveen Fund Advisors,$593 MM,6.18%,Q,-5.25%,7.91%,7.27%,--,
JMF,Nuveen Energy MLP Total Return,MLP,Nuveen Fund Advisors,$506 MM,10.57%,Q,5.53%,0.59%,0.96%,--,
NEV,Nuveen Enhanced Muni Value,National Municipal,Nuveen Fund Advisors,$359 MM,5.65%,M,-4.57%,7.20%,6.04%,10.27 yrs,
JRO,Nuveen Floating Rate Inc Opps,Senior Loan Funds,Nuveen Fund Advisors,$451 MM,7.40%,M,-0.95%,6.02%,5.98%,0.93 yrs,
JFR,Nuveen Floating Rate Income,Senior Loan Funds,Nuveen Fund Advisors,$662 MM,6.85%,M,2.06%,5.49%,5.71%,0.97 yrs,
NKG,Nuveen GA Quality Muni Income,State Municipal GA,Nuveen Fund Advisors,$139 MM,4.30%,M,-4.99%,4.70%,4.28%,10.73 yrs,
JGH,Nuveen Global High Income,Global Income,Nuveen Fund Advisors,$383 MM,8.70%,M,-10.33%,5.26%,5.55%,4.92 yrs,
JHB,Nuveen High Inc Nov 2021 targe,High Yield,Nuveen Fund Advisors,$564 MM,5.94%,M,-0.49%,--,--,4.81 yrs,
JHY,Nuveen High Income 2020 Target,High Yield,Nuveen Fund Advisors,$148 MM,5.82%,M,1.92%,--,--,2.7 yrs,
JHA,Nuveen High Income Dec 2018 Ta,High Yield,Nuveen Fund Advisors,$297 MM,5.69%,M,-0.20%,7.34%,6.27%,1.7 yrs,
JHD,Nuveen High Income Dec 2019 Ta,High Yield,Nuveen Fund Advisors,$278 MM,5.92%,M,-0.39%,--,--,2.45 yrs,
NIQ,Nuveen Inter Dur Quality Muni,National Municipal,Nuveen Fund Advisors,$171 MM,3.79%,M,-6.24%,3.50%,1.45%,8.13 yrs,
NID,Nuveen Intermediate Dur Muni,National Municipal,Nuveen Fund Advisors,$625 MM,4.75%,M,-2.84%,3.97%,2.59%,5.36 yrs,
NMT,Nuveen MA Quality Muni Income,State Municipal MA,Nuveen Fund Advisors,$130 MM,4.71%,M,-5.96%,5.77%,5.37%,11.5 yrs,
NMY,Nuveen MD Quality Muni Income,State Municipal MD,Nuveen Fund Advisors,$307 MM,4.80%,M,-10.36%,5.58%,5.00%,12.54 yrs,
NUM,Nuveen MI Quality Muni Income,State Municipal MI,Nuveen Fund Advisors,$287 MM,4.65%,M,-11.20%,6.50%,6.03%,12.39 yrs,
NMS,Nuveen MN Quality Muni Income,State Municipal MN,Nuveen Fund Advisors,$90 MM,4.73%,M,6.29%,6.23%,6.42%,12.53 yrs,
NOM,Nuveen MO Quality Muni Income,State Municipal MO,Nuveen Fund Advisors,$37 MM,4.20%,M,14.62%,5.55%,5.69%,11 yrs,
JMT,Nuveen Mort Opp Term Fund 2,Mortgage Bond,Nuveen Fund Advisors,$119 MM,5.55%,M,-3.85%,9.21%,8.51%,--,
JLS,Nuveen Mortgage Opp Term Trust,Mortgage Bond,Nuveen Fund Advisors,$405 MM,5.34%,M,-3.59%,9.24%,8.53%,--,
JMM,Nuveen Multi-Market Income,Mortgage Bond,Nuveen Fund Advisors,$71 MM,5.76%,M,-8.31%,6.81%,7.00%,5.34 yrs,
NHA,Nuveen Muni 2021 Target Term,National Municipal,Nuveen Fund Advisors,$89 MM,2.40%,M,7.14%,0.93%,4.84%,3.96 yrs,
NZF,Nuveen Muni Credit Income,National Municipal,Nuveen Fund Advisors,"$2,135 MM",5.91%,M,-5.00%,6.76%,6.51%,12.86 yrs,
NMZ,Nuveen Muni High Inc Opp,Municipal High Yield,Nuveen Fund Advisors,$814 MM,6.01%,M,0.90%,7.18%,6.82%,10.85 yrs,
NMI,Nuveen Municipal Income,National Municipal,Nuveen Fund Advisors,$99 MM,4.08%,M,4.38%,6.03%,5.99%,7.65 yrs,
NUV,Nuveen Municipal Value,National Municipal,Nuveen Fund Advisors,"$2,075 MM",3.87%,M,-2.53%,6.27%,6.13%,7.6 yrs,
QQQX,Nuveen NASDAQ 100 Dynamic Over,Covered Call,Nuveen Fund Advisors,$804 MM,6.34%,Q,2.76%,10.49%,10.72%,--,
NNC,Nuveen NC Quality Muni Income,State Municipal NC,Nuveen Fund Advisors,$222 MM,3.89%,M,-10.05%,5.56%,4.89%,11.05 yrs,
NJV,Nuveen NJ Municipal Value Fund,State Municipal NJ,Nuveen Fund Advisors,$23 MM,3.78%,M,-4.87%,6.45%,5.53%,8.92 yrs,
NXJ,Nuveen NJ Quality Muni Income,State Municipal NJ,Nuveen Fund Advisors,$592 MM,5.01%,M,-11.86%,6.22%,5.50%,12.02 yrs,
NRK,Nuveen NY AMTFree Qlty Muni In,State Municipal NY,Nuveen Fund Advisors,"$1,159 MM",4.85%,M,-9.38%,5.32%,4.69%,13.21 yrs,
NNY,Nuveen NY Municipal Value,State Municipal NY,Nuveen Fund Advisors,$154 MM,3.69%,M,1.00%,5.84%,5.79%,8.17 yrs,
NYV,Nuveen NY Municipal Value 2,State Municipal NY,Nuveen Fund Advisors,$35 MM,4.00%,M,-3.97%,5.57%,4.70%,7.38 yrs,
NAN,Nuveen NY Quality Muni Income,State Municipal NY,Nuveen Fund Advisors,$441 MM,5.03%,M,-6.84%,6.19%,5.85%,11.86 yrs,
NXN,Nuveen NY Select Tax Free,State Municipal NY,Nuveen Fund Advisors,$55 MM,3.94%,M,-1.68%,4.99%,4.89%,8.06 yrs,
NUO,Nuveen OH Quality Muni Income,State Municipal OH,Nuveen Fund Advisors,$281 MM,4.62%,M,-9.48%,6.62%,6.07%,11.6 yrs,
NPN,Nuveen PA Municipal Value Fund,State Municipal PA,Nuveen Fund Advisors,$19 MM,3.79%,M,1.69%,6.07%,5.85%,8.25 yrs,
NQP,Nuveen PA Quality Muni Income,State Municipal PA,Nuveen Fund Advisors,$512 MM,5.17%,M,-11.38%,6.53%,6.05%,12.88 yrs,
JPC,Nuveen Pref Income Opps Fund,Preferreds,Nuveen Fund Advisors,"$1,059 MM",7.59%,M,-5.00%,6.54%,6.83%,5.96 yrs,
JPS,Nuveen Pref Securities Income,Preferreds,Nuveen Fund Advisors,"$2,077 MM",7.32%,M,-0.97%,6.39%,6.47%,6.34 yrs,
JPT,Nuveen Pref and Inc 2020 Term,Preferreds,Nuveen Fund Advisors,$172 MM,6.05%,M,-0.82%,5.54%,3.13%,--,
JPI,Nuveen Preferred & Income Term,Preferreds,Nuveen Fund Advisors,$561 MM,6.87%,M,-4.20%,10.60%,9.07%,6.67 yrs,
NAD,Nuveen Quality Muni Income,National Municipal,Nuveen Fund Advisors,"$2,855 MM",5.42%,M,-8.36%,6.67%,6.21%,13.08 yrs,
JRI,Nuveen Real Asset Inc & Growth,Real Estate (Global),Nuveen Fund Advisors,$171 MM,7.44%,M,-9.91%,11.85%,9.62%,8.02 yrs,
JRS,Nuveen Real Estate Income,Real Estate (US),Nuveen Fund Advisors,$324 MM,8.90%,Q,-1.92%,8.46%,8.38%,--,
BXMX,Nuveen S&P 500 B-W Income,Covered Call,Nuveen Fund Advisors,"$1,439 MM",6.54%,Q,-0.57%,6.25%,6.41%,--,
SPXX,Nuveen S&P Dynamic Overwrite,Covered Call,Nuveen Fund Advisors,$247 MM,6.24%,Q,-2.92%,6.20%,6.27%,--,
NIM,Nuveen Select Maturities Muni,National Municipal,Nuveen Fund Advisors,$126 MM,3.07%,M,-3.34%,4.72%,4.35%,5.32 yrs,
NXP,Nuveen Select TaxFree Income,National Municipal,Nuveen Fund Advisors,$239 MM,3.78%,M,-5.81%,5.77%,5.44%,7.78 yrs,
NXQ,Nuveen Select TaxFree Income 2,National Municipal,Nuveen Fund Advisors,$245 MM,3.63%,M,-6.43%,5.48%,5.18%,7.54 yrs,
NXR,Nuveen Select TaxFree Income 3,National Municipal,Nuveen Fund Advisors,$193 MM,3.52%,M,-5.43%,5.53%,5.30%,7.83 yrs,
NSL,Nuveen Senior Income,Senior Loan Funds,Nuveen Fund Advisors,$259 MM,7.07%,M,-2.47%,6.02%,5.75%,0.83 yrs,
JSD,Nuveen Shrt Duration Cred Opps,Senior Loan Funds,Nuveen Fund Advisors,$174 MM,7.40%,M,-3.41%,6.48%,5.54%,0.82 yrs,
NTX,Nuveen TX Quality Muni Income,State Municipal TX,Nuveen Fund Advisors,$144 MM,4.41%,M,-7.46%,6.37%,5.95%,12.11 yrs,
JTD,Nuveen Tax-Adv Div Growth,Equity Tax-Advantaged,Nuveen Fund Advisors,$234 MM,7.69%,Q,-4.66%,6.96%,--,--,
JTA,Nuveen Tax-Adv Total Return,Equity Tax-Advantaged,Nuveen Fund Advisors,$176 MM,7.86%,Q,-6.61%,5.31%,5.18%,--,
NPV,Nuveen VA Quality Muni Income,State Municipal VA,Nuveen Fund Advisors,$239 MM,4.12%,M,-8.26%,5.79%,5.14%,12.05 yrs,
OXLC,Oxford Lane Capital Corp,Senior Loan Funds,Oxford Lane Capital,$222 MM,16.26%,Q,-9.12%,7.89%,7.24%,--,
PCM,PCM Fund,Mortgage Bond,Pacific Investment Management Company LLC,$129 MM,8.60%,M,10.39%,9.18%,9.26%,3.49 yrs,
PCQ,PIMCO CA Municipal Income,State Municipal CA,Pacific Investment Management Company LLC,$318 MM,5.43%,M,18.95%,6.98%,7.69%,10.38 yrs,
PCK,PIMCO CA Municipal Income II,State Municipal CA,Pacific Investment Management Company LLC,$326 MM,5.54%,M,16.97%,4.49%,4.74%,12.01 yrs,
PZC,PIMCO CA Municipal Income III,State Municipal CA,Pacific Investment Management Company LLC,$284 MM,5.65%,M,28.77%,4.68%,6.00%,11.19 yrs,
PTY,PIMCO Corporate & Income Opps,Investment Grade,Pacific Investment Management Company LLC,"$1,220 MM",9.49%,M,12.43%,14.55%,15.10%,4.44 yrs,
PCN,PIMCO Corporate & Income Strgy,Investment Grade,Pacific Investment Management Company LLC,$680 MM,7.79%,M,14.77%,12.42%,13.13%,4.47 yrs,
PCI,PIMCO Dynamic Credit Income,Multi-Sector,Pacific Investment Management Company LLC,"$3,046 MM",8.85%,M,-2.33%,9.46%,8.71%,4.07 yrs,
PDI,PIMCO Dynamic Income Fund,Multi-Sector,Pacific Investment Management Company LLC,"$1,431 MM",8.83%,M,6.61%,18.07%,18.63%,3.82 yrs,
PGP,PIMCO Global StocksPLUS & Inc,Multi-Sector,Pacific Investment Management Company LLC,$191 MM,9.95%,M,60.97%,12.71%,11.64%,1.49 yrs,
PHK,PIMCO High Income Fund,Multi-Sector,Pacific Investment Management Company LLC,"$1,117 MM",11.07%,M,28.38%,11.99%,13.78%,3.54 yrs,
PKO,PIMCO Income Opportunity,Multi-Sector,Pacific Investment Management Company LLC,$405 MM,8.49%,M,7.42%,12.69%,13.07%,3.75 yrs,
PFL,PIMCO Income Strategy Fund,Multi-Sector,Pacific Investment Management Company LLC,$302 MM,9.11%,M,4.20%,7.32%,7.54%,4.36 yrs,
PFN,PIMCO Income Strategy Fund II,Multi-Sector,Pacific Investment Management Company LLC,$623 MM,9.12%,M,2.83%,6.34%,6.38%,3.58 yrs,
PMF,PIMCO Municipal Income,National Municipal,Pacific Investment Management Company LLC,$354 MM,5.19%,M,6.81%,7.05%,6.65%,10.56 yrs,
PML,PIMCO Municipal Income II,National Municipal,Pacific Investment Management Company LLC,$819 MM,5.89%,M,8.42%,5.86%,6.12%,10.49 yrs,
PMX,PIMCO Municipal Income III,National Municipal,Pacific Investment Management Company LLC,$385 MM,5.69%,M,5.86%,5.69%,5.55%,10.21 yrs,
PNF,PIMCO NY Municipal Income,State Municipal NY,Pacific Investment Management Company LLC,$101 MM,5.27%,M,6.29%,5.34%,5.46%,11.8 yrs,
PNI,PIMCO NY Municipal Income II,State Municipal NY,Pacific Investment Management Company LLC,$130 MM,5.18%,M,3.62%,5.42%,5.21%,12.73 yrs,
PYN,PIMCO NY Municipal Income III,State Municipal NY,Pacific Investment Management Company LLC,$56 MM,5.17%,M,4.26%,3.64%,3.59%,12.4 yrs,
RCS,PIMCO Strategic Income Fund,Global Income,Pacific Investment Management Company LLC,$435 MM,8.48%,M,31.79%,8.70%,--,4.94 yrs,
PHF,Pacholder High Yield Fund,High Yield,JP Morgan Investment Management Inc.,$103 MM,3.78%,M,-0.75%,9.07%,--,--,
HNW,Pioneer Diversified High Inc,High Yield,Pioneer Investment Management Inc,$137 MM,8.39%,M,-6.81%,7.52%,6.84%,--,
PHD,Pioneer Floating Rate Trust,Senior Loan Funds,Pioneer Investment Management Inc,$289 MM,6.16%,M,-6.71%,4.64%,4.16%,--,
PHT,Pioneer High Income Trust,High Yield,Pioneer Investment Management Inc,$287 MM,7.95%,M,-8.49%,10.86%,9.13%,--,
MAV,Pioneer Muni High Inc Adv,Municipal High Yield,Pioneer Investment Management Inc,$281 MM,5.09%,M,-2.65%,6.68%,6.20%,--,
MHI,Pioneer Municipal High Income,Municipal High Yield,Pioneer Investment Management Inc,$274 MM,4.98%,M,-6.82%,6.36%,5.73%,--,
PGZ,Principal Real Estate Inc Fund,Real Estate (US),"ALPS Advisors, Inc.",$125 MM,9.58%,M,-7.67%,9.54%,7.11%,--,
GHY,Prudential Global Short Dur Hi,High Yield,Prudential Investments LLC,$607 MM,7.26%,M,-10.22%,5.11%,2.27%,--,
ISD,Prudential Sht Duration Hi Yld,High Yield,Prudential Investments LLC,$505 MM,7.30%,M,-9.42%,5.69%,3.33%,--,
PCF,Putnam High Income Securities,High Yield,Putnam Investment Management,$114 MM,4.21%,M,-7.07%,7.33%,--,--,
PMM,Putnam Managed Muni Income,National Municipal,Putnam Investment Management,$406 MM,5.34%,M,-4.68%,6.55%,6.23%,--,
PIM,Putnam Master Intermediate Inc,Investment Grade,Putnam Investment Management,$251 MM,6.58%,M,-6.20%,5.90%,6.01%,--,
PMO,Putnam Municipal Opportunities,National Municipal,Putnam Investment Management,$483 MM,5.13%,M,-4.02%,6.19%,6.06%,--,
PPT,Putnam Premier Income,Global Income,Putnam Investment Management,$579 MM,5.79%,M,-2.00%,6.08%,6.35%,--,
RCG,RENN Glb. Entrepreneurs Fund,US Hybrid (Growth & Income),RENN Capital Group,$6 MM,--,A,-17.76%,--,--,--,
RIF,RMR Real Estate Income Fund,Real Estate (US),RMR Advisors Inc,$167 MM,6.05%,Q,-16.77%,4.92%,4.61%,--,
UTG,Reaves Utility Income,Utilities,W.H. Reaves & Co Inc,"$1,176 MM",5.52%,M,-1.18%,10.58%,--,--,
RIV,RiverNorth Opportunities Fund,US Hybrid (Growth & Income),"ALPS Advisors, Inc. / Rivernorth Capital Management, LLC",$75 MM,8.42%,M,-3.82%,16.70%,12.62%,--,
OPP,RiverNorth/DoubleLine Strategi,Multi-Sector,"Rivernorth Capital Management, LLC",$212 MM,7.47%,M,-4.50%,--,--,--,
RGT,Royce Global Value Trust Fund,Global Equity,Royce and Associates Inc,$99 MM,1.48%,A,-14.73%,4.69%,3.18%,--,
RMT,Royce Micro Cap Trust,US General Equity,Royce and Associates Inc,$325 MM,7.44%,Q,-12.24%,9.99%,10.01%,--,
RVT,Royce Value Trust,US General Equity,Royce and Associates Inc,"$1,182 MM",7.48%,Q,-11.19%,--,--,--,
SMM,Salient Midstream & MLP Fund,MLP,"Salient Capital Advisors, LLC",$199 MM,8.64%,Q,-9.01%,-1.41%,-3.58%,--,
SOR,Source Capital Inc,US General Equity,First Pacific Advisors,$335 MM,3.62%,Q,-10.39%,--,--,1.6 yrs,
SPE,Special Opportunities Fund,US General Equity,Brooklyn Capital Management,$129 MM,5.35%,A,-10.69%,6.07%,6.30%,--,
FUND,Sprott Focus Trust,US General Equity,Sprott Asset Management L.P.,$181 MM,5.43%,Q,-11.28%,--,--,--,
PHYS,Sprott Physical Gold Trust,Commodities,N/A,"$2,172 MM",--,N,-1.55%,1.01%,0.22%,--,
SPPP,Sprott Physical Platinum & Pal,Commodities,Sprott Asset Management,$114 MM,--,N,-0.97%,-2.94%,-4.13%,--,
PSLV,Sprott Physical Silver Trust,Commodities,Sprott Asset Management,$926 MM,--,N,-0.47%,-5.95%,-6.67%,--,
EDF,Stone Harbor Emerging Mkts FI,Emerging Market Income,Stone Harbor Investment Partners LP,$251 MM,13.50%,M,7.09%,4.33%,5.04%,--,
EDI,Stone Harbor Emg Mkts Total In,Emerging Market Income,Stone Harbor Investment Partners LP,$149 MM,11.70%,M,2.65%,0.64%,1.09%,--,
SWZ,Swiss Helvetia Fund,Other Non-US Equity,Schroder Investment Management North America Inc.,$325 MM,2.55%,S,-8.82%,7.05%,7.25%,--,
TSI,TCW Strategic Income,Multi-Sector,TCW Investment Management Company,$274 MM,2.84%,Q,-4.01%,8.39%,--,--,
TSLF,THL Credit Senior Loan Fund,Senior Loan Funds,Four Wood Capital Advisors LLC,$130 MM,7.20%,M,-5.87%,6.55%,4.16%,--,
TWN,Taiwan Fund,Asia Equity,"JF International Management, Inc.",$164 MM,--,A,-9.50%,10.47%,7.10%,--,
HQH,Tekla Healthcare Investors,Health/Biotech,Tekla Capital Management LLC,"$1,037 MM",7.71%,Q,-0.95%,11.66%,11.32%,--,
THQ,Tekla Healthcare Oppos Fund,Health/Biotech,Tekla Capital Management LLC,$818 MM,7.22%,M,-7.34%,9.88%,6.06%,--,
HQL,Tekla Life Sciences Investors,Health/Biotech,Tekla Capital Management LLC,$458 MM,7.59%,Q,1.12%,9.79%,10.37%,--,
THW,Tekla World Healthcare Fund,Health/Biotech,Tekla Capital Management LLC,$470 MM,9.26%,M,-5.11%,-0.24%,-4.31%,--,
TDF,Templeton Dragon Fund,Asia Equity,Templeton Asset Management Ltd.,$700 MM,8.32%,S,-11.36%,9.66%,10.01%,--,
EMF,Templeton Emerging Markets,Emerging Market Equity,Templeton Asset Management Ltd.,$273 MM,1.30%,A,-10.04%,11.42%,--,--,
TEI,Templeton Emerging Mkts Income,Emerging Market Income,"Franklin Advisers, Inc",$544 MM,3.77%,Q,-12.37%,9.19%,8.98%,--,
GIM,Templeton Global Income,Global Income,"Franklin Advisers, Inc",$899 MM,4.13%,M,-10.79%,7.86%,7.97%,--,
TTF,Thai Fund Inc,Asia Equity,Morgan Stanley Investment Management Inc,$106 MM,8.83%,S,-13.00%,7.30%,5.95%,--,
NDP,Tortoise Energy Independence F,MLP,"Tortoise Capital Advisors, L.L.C.",$191 MM,13.30%,Q,5.78%,-4.61%,-3.76%,--,
TYG,Tortoise Energy Infrastructure,MLP,"Tortoise Capital Advisors, L.L.C.","$1,434 MM",9.08%,Q,7.14%,8.58%,8.86%,--,
NTG,Tortoise MLP Fund,MLP,"Tortoise Capital Advisors, L.L.C.",$877 MM,9.14%,Q,3.16%,2.73%,2.80%,--,
TTP,Tortoise Pipeline & Energy,Energy/Resources,"Tortoise Capital Advisors, L.L.C.",$188 MM,8.82%,Q,-6.86%,3.32%,1.97%,--,
TPZ,Tortoise Power & Energy Infra,US Hybrid (Growth & Income),"Tortoise Capital Advisors, L.L.C.",$143 MM,7.33%,M,-8.53%,9.11%,7.84%,--,
TY,Tri-Continental Corporation,US General Equity,Columbia Management Investment Advisers LLC,"$1,376 MM",4.02%,Q,-12.30%,--,--,--,
TKF,Turkish Investment Fund,Emerging Market Equity,Morgan Stanley Investment Management Inc,$43 MM,1.29%,A,-3.88%,4.47%,4.27%,--,
ZTR,Virtus Global Div & Inc Fund,US Hybrid (Growth & Income),Phoenix/Zweig Advisors Inc,$324 MM,10.75%,M,-2.85%,6.59%,6.68%,--,
VGI,Virtus Global Multi-Sector Inc,Multi-Sector,Virtus Investment Advisers,$195 MM,10.87%,M,0.46%,7.75%,7.97%,6.49 yrs,
ZF,Virtus Total Return Fund Inc.,Global Hybrid (Growth & Income),Virtus Investment Advisers,$276 MM,11.84%,Q,-9.91%,15.88%,0.28%,6.02 yrs,
IAE,Voya Asia Pacific High Dividen,Asia Equity,Voya Investment Management,$127 MM,7.85%,Q,-8.29%,2.69%,2.10%,--,
IHD,Voya Emerging Market High Div.,Emerging Market Equity,Voya Investment Management,$167 MM,8.45%,Q,-8.33%,-1.45%,-2.86%,--,
IGD,Voya Glb Eqty Div & Prem Opps,Covered Call,Voya Investment Management,$735 MM,9.71%,M,-6.66%,4.11%,3.80%,--,
IGA,Voya Global Adv & Premium Opp,Covered Call,Voya Investment Management,$199 MM,8.29%,Q,-8.28%,6.27%,5.62%,--,
IDE,Voya Infrastructure Ind & Mat,Global Equity,Voya Investment Management,$304 MM,7.34%,Q,-1.99%,6.98%,6.81%,--,
IID,Voya Intl High Div Equity Inc,Global Equity Dividend,N/A,$62 MM,8.47%,M,4.68%,1.49%,--,--,
IRR,Voya Natural Resource Equity,Covered Call,Voya Investment Management,$135 MM,10.91%,Q,-3.55%,-0.81%,-0.83%,--,
PPR,Voya Prime Rate Trust,Senior Loan Funds,Voya Investment Management,$782 MM,5.88%,M,-7.19%,4.57%,--,--,
EOD,Wells Fargo Adv Glo Div Opp,Global Equity Dividend,Wells Fargo Funds Management,$285 MM,10.58%,Q,-6.62%,0.80%,0.59%,--,
EAD,Wells Fargo Adv Inc Opp,High Yield,Wells Fargo Funds Management,$603 MM,8.42%,M,-8.21%,7.87%,7.40%,--,
ERC,Wells Fargo Adv Multi-Sec Inc,Limited Duration,Wells Fargo Funds Management,$471 MM,9.48%,M,-7.03%,6.67%,6.90%,--,
ERH,Wells Fargo Adv Util & High In,Utilities,Wells Fargo Funds Management,$121 MM,6.96%,M,-0.91%,7.87%,7.44%,--,
TLI,Western Asset Corporate Loan,Senior Loan Funds,"Legg Mason Partners Fund Advisors, LLC",$110 MM,7.38%,M,-3.23%,5.23%,5.57%,--,
EMD,Western Asset Emerg Mkts Debt,Emerging Market Income,"Legg Mason Partners Fund Advisors, LLC",$958 MM,7.66%,M,-10.70%,7.64%,7.47%,9.24 yrs,
GDO,Western Asset Glb Corp Def Opp,Investment Grade,"Legg Mason Partners Fund Advisors, LLC",$268 MM,7.62%,M,-6.27%,7.60%,6.61%,8.42 yrs,
EHI,Western Asset Global High Inc,Global Income,"Legg Mason Partners Fund Advisors, LLC",$456 MM,8.03%,M,-10.49%,7.51%,7.25%,9.05 yrs,
HIX,Western Asset High Inc Fund II,High Yield,"Legg Mason Partners Fund Advisors, LLC",$619 MM,8.34%,M,-7.12%,8.09%,7.87%,8.24 yrs,
HIO,Western Asset High Income Opp,High Yield,"Legg Mason Partners Fund Advisors, LLC",$657 MM,7.09%,M,-9.77%,5.76%,5.69%,4.49 yrs,
HYI,Western Asset High Yld Def Opp,High Yield,"Legg Mason Partners Fund Advisors, LLC",$347 MM,7.83%,M,-9.23%,6.52%,4.79%,4.36 yrs,
IGI,Western Asset IG Defined Opp,Investment Grade,"Legg Mason Partners Fund Advisors, LLC",$234 MM,5.12%,M,3.19%,7.49%,7.42%,7.29 yrs,
PAI,Western Asset Income Fund,Investment Grade,"Legg Mason Partners Fund Advisors, LLC / Western Asset Management",$144 MM,4.53%,M,0.33%,--,--,7.32 yrs,
SBI,Western Asset Intermediate Mun,National Municipal,"Legg Mason Partners Fund Advisors, LLC",$139 MM,4.44%,M,-3.99%,5.42%,5.55%,--,
MMU,Western Asset Managed Muni,National Municipal,"Legg Mason Partners Fund Advisors, LLC",$599 MM,5.39%,M,-0.57%,6.69%,6.10%,--,
DMO,Western Asset Mortgage Def Opp,Mortgage Bond,"Legg Mason Partners Fund Advisors, LLC",$277 MM,10.66%,M,22.63%,14.73%,17.27%,7.73 yrs,
MTT,Western Asset Muni Defined Opp,National Municipal,"Legg Mason Partners Fund Advisors, LLC",$271 MM,4.50%,M,3.95%,6.35%,6.18%,4.39 yrs,
MHF,Western Asset Muni High Income,National Municipal,"Legg Mason Partners Fund Advisors, LLC",$160 MM,4.13%,M,-7.28%,5.73%,5.46%,7.48 yrs,
MNP,Western Asset Municipal Part,National Municipal,"Legg Mason Partners Fund Advisors, LLC",$155 MM,5.07%,M,-3.33%,6.30%,6.46%,--,
WEA,Western Asset Premier Bond,Investment Grade,Western Asset Management,$165 MM,6.27%,M,-4.07%,9.40%,8.99%,10.56 yrs,
GFY,Western Asset Variable Rate,Multi-Sector,"Legg Mason Partners Fund Advisors, LLC",$79 MM,5.53%,M,-6.91%,4.93%,4.51%,1.73 yrs,
WIW,Western/Claymore Infl-Lnk Opps,Government,Western Asset Management,$676 MM,3.92%,M,-11.74%,3.48%,2.67%,9 yrs,
WIA,Western/Claymore Infl-Lnkd Sec,Government,Western Asset Management,$328 MM,3.68%,M,-11.55%,3.37%,2.53%,8.81 yrs,